{"cameraMode":{"drawMode":0,"name":"Shaded","section":"Shading Mode"},"sceneLighting":true,"audioPlay":false,"sceneViewState":{"m_AlwaysRefresh":false,"showFog":true,"showSkybox":true,"showFlares":true,"showImageEffects":true,"showParticleSystems":true,"showVisualEffectGraphs":true,"m_FxEnabled":true},"in2DMode":false,"pivot":{"x":2.3633816242218019,"y":2.1564199924468996,"z":0.7317341566085815},"rotation":{"x":-0.12289191037416458,"y":0.62435382604599,"z":-0.10031580179929733,"w":-0.7648650407791138},"size":0.46000921726226809,"orthographic":false}